t(s),Average T volume 1,Flux surface 1: solute,Flux surface 2: solute,Total solute volume 1,Total retention volume 1,Total 1 volume 1
1.0,369.9999999997644,-5.434782988007007e+19,-9e-323,2.657793554721852e+16,5.449997664703217e+16,2.792204109981347e+16
1.9090909090909092,369.9999999997644,-5.4373255246868046e+19,0.0,3.848373636862463e+16,8.093143407843085e+16,4.2447697709806216e+16
2.909090909090909,369.9999999997644,-5.438098821771459e+19,-9e-323,4.847108300490144e+16,1.0227306383634594e+17,5.380198083144496e+16
4.00909090909091,369.9999999997644,-5.438495065505616e+19,-9e-323,5.751788590084138e+16,1.2139017327464006e+17,6.387228737379878e+16
5.21909090909091,369.9999999997644,-5.438746266917746e+19,-1.14e-322,6.604986424181948e+16,1.3937945469816606e+17,7.332959045634642e+16
6.55009090909091,369.9999999997644,-5.4389255006914494e+19,-1.33e-322,7.430702579076925e+16,1.5678206119651037e+17,8.247503540574106e+16
8.01419090909091,369.9999999997644,-5.439062752573834e+19,-1.53e-322,8.243729942357995e+16,1.7391542230094576e+17,9.147812287736566e+16
9.624700909090912,369.9999999997644,-5.439172808710932e+19,-1.3e-322,9.053981991068707e+16,1.9098965345996474e+17,1.0044983354927757e+17
11.396261909090914,369.9999999997644,-5.439263950427059e+19,-1.6e-322,9.868643993534037e+16,2.0815667590781114e+17,1.0947023597247114e+17
13.344979009090915,369.9999999997644,-5.439341248559491e+19,-2.08e-322,1.0693281861957864e+17,2.2553407813903453e+17,1.186012595194559e+17
15.488567819090918,369.9999999997644,-5.4394080164547985e+19,-1.83e-322,1.1532448912962322e+17,2.4321799107835232e+17,1.2789350194872906e+17
17.84651551009092,369.9999999997644,-5.439466528559765e+19,-2.37e-322,1.239004077494159e+17,2.6129061022002934e+17,1.3739020247061336e+17
20.440257970190924,369.9999999997644,-5.4395184079803376e+19,-2.4e-322,1.3269515937240355e+17,2.798248725412542e+17,1.4712971316884966e+17
23.293374676300928,369.9999999997644,-5.439564850025042e+19,-3e-322,1.417403999811132e+17,2.9888751524643014e+17,1.5714711526531747e+17
26.43180305302193,369.9999999997644,-5.439606758221148e+19,-2.96e-322,1.5106584173274595e+17,3.1854116343451834e+17,1.6747532170177203e+17
29.884074267415034,369.9999999997644,-5.439644830757541e+19,-3.46e-322,1.6069995143218147e+17,3.3884580918666995e+17,1.7814585775448746e+17
33.681572603247446,369.9999999997644,-5.439679617448624e+19,-4.35e-322,1.7067046281666934e+17,3.5985989547614586e+17,1.8918943265947565e+17
37.8588207726631,369.9999999997644,-5.439711558441144e+19,-3.26e-322,1.8100476427149834e+17,3.8164113585716685e+17,2.0063637158566934e+17
42.45379375902032,369.9999999997644,-5.43974101121672e+19,-4.6e-322,1.9173020116713437e+17,4.042471531885001e+17,2.1251695202136586e+17
47.508264044013266,369.9999999997644,-5.439768269865112e+19,-5.14e-322,2.0287431852416714e+17,4.277359919671393e+17,2.248616734429725e+17
53.06818135750551,369.9999999997644,-5.43979357911918e+19,-4.45e-322,2.1446506132933923e+17,4.5216654102347635e+17,2.3770147969413734e+17
59.184090402346975,369.9999999997644,-5.439817144758329e+19,-4.4e-322,2.2653094446090496e+17,4.7759889192878925e+17,2.510679474678846e+17
65.91159035167259,369.9999999997644,-5.4398391414427976e+19,-5.9e-322,2.3910120066002554e+17,5.040946509877069e+17,2.649934503276817e+17
73.31184029593076,369.9999999997644,-5.439859718697508e+19,-5.53e-322,2.5220591262124566e+17,5.31717217672337e+17,2.7951130505109098e+17
81.45211523461475,369.9999999997644,-5.439879005541187e+19,-4.84e-322,2.6587613365679354e+17,5.6053203892290176e+17,2.946559052661071e+17
90.40641766716715,369.9999999997644,-5.4398971141092246e+19,-7.56e-322,2.8014400026200704e+17,5.906068463502552e+17,3.1046284608824666e+17
100.25615034297478,369.9999999997644,-5.439914142518928e+19,-8.65e-322,2.95042839111143e+17,6.220118816854308e+17,3.269690425742888e+17
111.09085628636316,369.9999999997644,-5.43993017715756e+19,-8.94e-322,3.106072704401691e+17,6.548201146091167e+17,3.4421284416894694e+17
123.0090328240904,369.9999999997644,-5.439945294525602e+19,-7.46e-322,3.2687330935726355e+17,6.89107456213991e+17,3.6223414685672314e+17
136.11902701559035,369.9999999997644,-5.4399595627338465e+19,-5.14e-322,3.438784663163429e+17,7.249529707071471e+17,3.810745043908041e+17
150.5400206262403,369.9999999997644,-5.439973042728501e+19,-4.35e-322,3.616618477629399e+17,7.62439087481894e+17,4.007772397189538e+17
166.40311359795527,369.9999999997644,-5.43998578930072e+19,-2.92234817723e-313,3.8026425779313235e+17,8.016518153320136e+17,4.2138755753888294e+17
183.8525158668417,369.9999999997644,-5.439997851923958e+19,-9.39891844470306e-302,3.997283015399203e+17,8.426809603148116e+17,4.4295265877489446e+17
203.0468583626168,369.9999999997644,-5.4400092754526724e+19,-4.714637745469758e-289,4.2009849090662394e+17,8.856203485688813e+17,4.655218576622619e+17
224.1606351079694,369.9999999997644,-5.4400201007087755e+19,-1.174901540611205e-276,4.4142135319565056e+17,9.305680552423343e+17,4.891467020466824e+17
247.38578952785727,369.9999999997644,-5.440030364976414e+19,-1.4092306004072512e-264,4.6374554312780755e+17,9.776266405748219e+17,5.1388109744701414e+17
272.9334593897339,369.9999999997644,-5.440040102421587e+19,-7.928902897164938e-253,4.8712195870801805e+17,1.026903394094018e+18,5.397814353860018e+17
301.0358962377982,369.9999999997644,-5.44004934444979e+19,-2.0510942516231013e-241,5.116038613648257e+17,1.0785105878267892e+18,5.669067264619646e+17
331.948576770669,369.9999999997644,-5.4400581200121225e+19,-2.403919377994913e-230,5.372470007710928e+17,1.1325657393835052e+18,5.953187386124046e+17
365.9525253568268,369.9999999997644,-5.4400664558685946e+19,-1.2641709126289715e-219,5.6410974474006195e+17,1.1891918857458394e+18,6.250821410057786e+17
403.3568688016004,369.9999999997644,-5.440074376815467e+19,-2.9677628786742036e-209,5.92253214583361e+17,1.2485178685725724e+18,6.56264653989214e+17
444.50164659085135,369.9999999997644,-5.440081905882383e+19,-3.1073542676566573e-199,6.217414263142495e+17,1.3106786318308293e+18,6.889372055165873e+17
489.7609021590274,369.9999999997644,-5.440089064504e+19,-1.4551979621942812e-189,6.526414380800795e+17,1.37581553256193e+18,7.23174094481847e+17
539.546083284021,369.9999999997644,-5.440095872669989e+19,-3.066927190613674e-180,6.85023504211666e+17,1.444076665598503e+18,7.590531613868449e+17
594.3097825215141,369.9999999997644,-5.440102349056579e+19,-2.9355333497186984e-171,7.189612362836356e+17,1.51561720306366e+18,7.96655966780028e+17
654.5498516827564,369.9999999997644,-5.4401085111424205e+19,-1.2910029777890171e-162,7.545317715889155e+17,1.5905997495011374e+18,8.360679779122185e+17
720.8139277601231,369.9999999997644,-5.440114375310916e+19,-2.6449737076293883e-154,7.918159494412707e+17,1.669194713509285e+18,8.77378764068003e+17
793.7044114452264,369.9999999997644,-5.440119956940967e+19,-2.5642505743243095e-146,8.308984957327933e+17,1.751580696778294e+18,9.206822010455035e+17
873.8839434988399,369.9999999997644,-5.440125270487709e+19,-1.1967194269866194e-138,8.718682161880896e+17,1.8379449014616517e+18,9.660766852735562e+17
962.0814287578149,369.9999999997644,-5.4401303295545885e+19,-2.738396151291654e-131,9.148181987729426e+17,1.9284835568465375e+18,1.0136653580736015e+18
1059.0986625426874,369.9999999997644,-5.44013514695791e+19,-3.132346478432379e-124,9.598460257335606e+17,2.0234023663270372e+18,1.0635563405934742e+18
1165.8176197060473,369.9999999997644,-5.440139734784819e+19,-1.8273727756391856e-117,1.0070539957615228e+18,2.1229169757232223e+18,1.1158629799617021e+18
1283.208472585743,369.9999999997644,-5.440144104445569e+19,-5.550205029095068e-111,1.0565493568010492e+18,2.2272534640354353e+18,1.1707041072343882e+18
1412.3384107534084,369.9999999997644,-5.440148266720785e+19,-8.961957435131745e-105,1.1084445500372091e+18,2.3366488577688095e+18,1.2282043077316142e+18
1554.3813427378402,369.9999999997644,-5.4401522318042866e+19,-7.857297445515516e-99,1.162857465627836e+18,2.4513516700144824e+18,1.288494204386659e+18
1710.6285679207153,369.9999999997644,-5.440156009342063e+19,-3.82033063208815e-93,1.219911710767553e+18,2.5716224655273595e+18,1.351710754759855e+18
1882.5005156218779,369.9999999997644,-5.440159608467795e+19,-1.0520380038974748e-87,1.2797368906986696e+18,2.6977344530971684e+18,1.417997562398503e+18
2071.5596580931565,369.9999999997644,-5.44016303783533e+19,-1.6754429748953466e-82,1.342468903313068e+18,2.829974106569061e+18,1.4875052032559734e+18
2279.524714811563,369.9999999997644,-5.440166305648474e+19,-1.5752251864186272e-77,1.4082502480185196e+18,2.9686418159352125e+18,1.5603915679166868e+18
2508.2862772018107,369.9999999997644,-5.440169419688341e+19,-8.922114883271113e-73,1.4772303495751805e+18,3.1140525699834767e+18,1.6368222204083036e+18
2759.9239958310827,369.9999999997644,-5.440172387338586e+19,-3.1054650735947753e-68,1.549565897641108e+18,3.2665366720614533e+18,1.716970774420317e+18
3036.725486323282,369.9999999997644,-5.4401752156086714e+19,-6.772410443034869e-64,1.6254212028011466e+18,3.426440490587705e+18,1.801019287786555e+18
3341.2071258647015,369.9999999997644,-5.440177911155425e+19,-9.430332732050189e-60,1.7049685698901138e+18,3.5941272460205793e+18,1.8891586761304568e+18
3676.136929360263,369.9999999997644,-5.440180480303002e+19,-8.540016048943194e-56,1.7883886894609736e+18,3.769977836076136e+18,1.9815891466151485e+18
4044.5597132053804,369.9999999997644,-5.440182929061454e+19,-5.120117047199032e-52,1.8758710482883236e+18,3.9543917010737905e+18,2.0785206527854797e+18
4449.8247754350095,369.9999999997644,-5.440185263144028e+19,-2.0676883338660368e-48,1.9676143598420562e+18,4.147787731379225e+18,2.1801733715371674e+18
4895.616343887602,369.9999999997644,-5.440187487983257e+19,-5.718945107698156e-45,2.0638270157095373e+18,4.350605219007301e+18,2.2867782032977592e+18
5385.987069185453,369.9999999997644,-5.440189608746043e+19,-1.1009250223779889e-41,2.1647275589938972e+18,4.563304855551098e+18,2.3985772965571005e+18
5925.394867013089,369.9999999997644,-5.440191630347712e+19,-1.4980890315822224e-38,2.270545180763706e+18,4.7863697787033e+18,2.5158245979396925e+18
6518.74344462349,369.9999999997644,-5.4401935574652355e+19,-1.4625954512222263e-35,2.3815202406830935e+18,5.020306669752055e+18,2.638786429068968e+18
7171.4268799949305,369.9999999997644,-5.4401953945496035e+19,-1.0392710950771804e-32,2.4979048130064445e+18,5.265646904542665e+18,2.76774209153625e+18
7889.378658903515,369.9999999997644,-5.4401971458374566e+19,-5.4488883020436655e-30,2.61996325917609e+18,5.522947760522906e+18,2.902984501346747e+18
8679.125615702958,369.9999999997644,-5.440198815362027e+19,-2.1358284635764208e-27,2.7479728283281147e+18,5.792793682615404e+18,3.0448208542872627e+18
9547.847268182346,369.9999999997644,-5.440200406963443e+19,-6.338147887808594e-25,2.882224287066214e+18,6.075797610790674e+18,3.193573323724427e+18
10503.441085909672,369.9999999997644,-5.4402019242984415e+19,-1.4411615203398553e-22,3.0230225799384274e+18,6.372602372359934e+18,3.3495797924214605e+18
11554.59428540973,369.9999999997644,-5.4402033708495176e+19,-2.5397966821740594e-20,3.170687522115573e+18,6.683882142151085e+18,3.5131946200355297e+18
12710.862804859795,369.9999999997644,-5.440204749933596e+19,-3.507316728395081e-18,3.325554525844188e+18,7.010343973881895e+18,3.6847894480376207e+18
13982.758176254867,369.9999999997644,-5.440206064710183e+19,-3.8350782946526944e-16,3.4879753623267036e+18,7.352729406212807e+18,3.86475404388613e+18
15381.843084789447,369.9999999997644,-5.44020731818912e+19,-3.35365323411142e-14,3.6583189607578634e+18,7.711816147128455e+18,4.053497186370614e+18
16920.836484177486,369.9999999997644,-5.440208513237889e+19,-2.3676902411657096e-12,3.836972246332444e+18,8.088419840468933e+18,4.251447594136489e+18
18613.729223504328,369.9999999997644,-5.440209652588542e+19,-1.3618154618792048e-10,4.024341019130999e+18,8.483395918633038e+18,4.459054899502104e+18
20475.91123676385,369.9999999997644,-5.440210738844281e+19,-6.436311806767965e-09,4.2208508758740726e+18,8.897641545650693e+18,4.676790669776507e+18
22524.31145134933,369.9999999997644,-5.440211774485666e+19,-2.5202548012728616e-07,4.426948176645349e+18,9.332097655047487e+18,4.905149478402412e+18
24777.551687393356,369.9999999997644,-5.44021276187653e+19,-8.240190590395414e-06,4.643101058774871e+18,9.7877510871273e+18,5.144650028352646e+18
27256.115947041784,369.9999999997644,-5.440213703269588e+19,-0.0002266498675921902,4.869800500188201e+18,1.0265636830525645e+19,5.395836330337258e+18
29982.536632655057,369.9999999997644,-5.4402146008117486e+19,-0.005281914911048826,5.107561434637752e+18,1.0766840373134074e+19,5.659278938496176e+18
32981.59938682966,369.9999999997644,-5.4402154565491696e+19,-0.10500227807358543,5.356923921342157e+18,1.129250016771855e+19,5.935576246376342e+18
36280.56841642172,369.9999999997644,-5.440216272432063e+19,-1.7922608883855449,5.618454371702278e+18,1.18438102178539e+19,6.225355846151555e+18
39909.43434897298,369.9999999997644,-5.440217050319244e+19,-26.430251080725082,5.892746835871325e+18,1.2422022790030942e+19,6.529275954159935e+18
43901.18687477937,369.9999999997644,-5.44021779198249e+19,-338.7567398774451,6.180424352103954e+18,1.3028451258107165e+19,6.848026906003189e+18
48292.114653166405,369.9999999997644,-5.440218499110642e+19,-3795.2868879530715,6.482140361951343e+18,1.3664473086542344e+19,7.18233272459097e+18
53122.135209392145,369.9999999997644,-5.4402191733135385e+19,-37372.86286903916,6.798580194507327e+18,1.4331532959107453e+19,7.532952764600025e+18
58435.15782124046,369.9999999997644,-5.44021981612575e+19,-325174.75531005586,7.130462623042646e+18,1.5031146059294132e+19,7.900683436251267e+18
64279.482694273596,369.9999999997644,-5.4402204290101174e+19,-2512664.5063219005,7.478541497261107e+18,1.5764901503172065e+19,8.286360005910821e+18
70708.24005461005,369.9999999997644,-5.440221013361143e+19,-17327614.51689205,7.84360745282761e+18,1.6534465886682337e+19,8.690858433854922e+18
77779.87315098016,369.9999999997644,-5.440221570508196e+19,-107148243.01237595,8.226489689599946e+18,1.7341586677889845e+19,9.115096988289727e+18
85558.66955698727,369.9999999997644,-5.440222101718586e+19,-596840640.4281373,8.628057755384649e+18,1.818809396427561e+19,9.560036208890663e+18
94115.3456035951,369.9999999997644,-5.440222608200469e+19,-3007953512.869255,9.049223014783291e+18,1.907589333437201e+19,1.002667031958871e+19
103527.68925486371,369.9999999997644,-5.44022309110562e+19,-13773267765.197079,9.49093839682246e+18,2.0006918622154334e+19,1.0515980225331501e+19
113881.26727125919,369.9999999997644,-5.440223551532089e+19,-57511852854.192635,9.95419084199146e+18,2.0982922974121357e+19,1.1028732132129858e+19
125270.20308929421,369.9999999997644,-5.440223990526651e+19,-219487578626.24704,1.043996560993646e+19,2.200468622148405e+19,1.1564720611548062e+19
137798.03248913275,369.9999999997644,-5.440224409086397e+19,-763929632564.28,1.094910294109497e+19,2.306936866563726e+19,1.2120265724542122e+19
151578.64482895512,369.9999999997644,-5.440224808151733e+19,-2390291646669.7095,1.1481712108393087e+19,2.41631134428599e+19,1.268140133446663e+19
166737.31840275973,369.9999999997644,-5.440225188528748e+19,-6462390411323.891,1.2034809123001487e+19,2.524684497250623e+19,1.3212035849504924e+19
183411.8593339448,369.9999999997644,-5.440225550454982e+19,-14169280646083.783,1.2595590440174115e+19,2.6250091261618713e+19,1.3654500821444084e+19
201753.85435824838,369.9999999997644,-5.440225892349403e+19,-24280973443403.164,1.3135309086789026e+19,2.7105483303499915e+19,1.3970174216711006e+19
221930.04888498233,369.9999999997644,-5.440226209362608e+19,-33699778163475.457,1.3620339489798758e+19,2.7792417712097112e+19,1.4172078222298792e+19
244123.86286438967,369.9999999997644,-5.440226493787495e+19,-40772559718879.95,1.4030350936980648e+19,2.832794883216909e+19,1.429759789518838e+19
268537.0582417378,294.9999999999073,-51982592045723.14,-15134016256.9704,1.1686140752519913e+19,2.705851814932003e+19,1.5372377396800131e+19
290730.87222114514,294.9999999999073,-25207027529124.184,-14827374357.127348,1.1093686373195262e+19,2.6498748982458675e+19,1.54050626092633e+19
290780.87222114514,294.9999999999073,-25153720378993.33,-14827378524.639235,1.1092355773893407e+19,2.6497490555046207e+19,1.5405134781152684e+19
290830.87222114514,294.9999999999073,-25103018298704.543,-14827441691.617998,1.1091031185374712e+19,2.6496234662734934e+19,1.5405203477359946e+19
290880.87222114514,294.9999999999073,-25053871652366.477,-14827509910.207876,1.1089711230618399e+19,2.649498122775249e+19,1.5405269997134105e+19
290930.87222114514,294.9999999999073,-25005853328469.5,-14827578545.23063,1.1088395079728417e+19,2.649373019368283e+19,1.54053351139544e+19
290980.87222114514,294.9999999999073,-24958757220568.55,-14827647194.097326,1.1087082199527238e+19,2.6492481514415043e+19,1.5405399314888247e+19
291030.87222114514,294.9999999999073,-24912470556116.867,-14827715821.526423,1.1085772235346135e+19,2.6491235149477458e+19,1.5405462914131837e+19
291080.87222114514,294.9999999999073,-24866923053019.355,-14827784424.426788,1.1084464944926095e+19,2.6489991061911044e+19,1.5405526116985838e+19
291130.87222114514,294.9999999999073,-24822064919994.71,-14827853002.554184,1.1083160158543059e+19,2.6488749217249096e+19,1.5405589058706495e+19
291180.87222114514,294.9999999999073,-24777856973922.496,-14827921555.918266,1.1081857754032224e+19,2.6487509582981226e+19,1.5405651828948652e+19
291230.87222114514,294.9999999999073,-24734266087157.676,-14827990084.551468,1.1080557640809515e+19,2.6486272128253514e+19,1.5405714487443714e+19
291280.87222114514,294.9999999999073,-24691263026754.754,-14828058588.48823,1.1079259749508508e+19,2.648503682367572e+19,1.540577707416717e+19
291330.87222114514,294.9999999999073,-24648821378561.87,-14828127067.763094,1.1077964025187877e+19,2.648380364117716e+19,1.5405839615989072e+19
291380.87222114514,294.9999999999073,-24606916968328.613,-14828195522.410572,1.1076670422848029e+19,2.648257255389543e+19,1.5405902131047647e+19
291430.87222114514,294.9999999999073,-24565527514409.605,-14828263952.465094,1.1075378904443128e+19,2.648134353608404e+19,1.5405964631640156e+19
291480.87222114514,294.9999999999073,-24524632392059.055,-14828332357.961037,1.1074089436880685e+19,2.6480116563023897e+19,1.540602712614333e+19
291530.87222114514,294.9999999999073,-24484212454934.68,-14828400738.932684,1.1072801990669103e+19,2.6478891610957844e+19,1.540608962028892e+19
291580.87222114514,294.9999999999073,-24444249888980.215,-14828469095.414265,1.1071516538997148e+19,2.6477668657017254e+19,1.5406152118020248e+19
291630.87222114514,294.9999999999073,-24404728087112.48,-14828537427.439955,1.1070233057099284e+19,2.6476447679163412e+19,1.5406214622064122e+19
291680.87222114514,294.9999999999073,-24365631539060.277,-14828605735.043827,1.1068951521816388e+19,2.6475228656133034e+19,1.540627713431703e+19
291730.87222114514,294.9999999999073,-24326945733341.87,-14828674018.25992,1.1067671911284818e+19,2.6474011567390634e+19,1.540633965610529e+19
291780.87222114514,294.9999999999073,-24288657069549.61,-14828742277.122183,1.1066394204715065e+19,2.647279639307728e+19,1.5406402188361843e+19
291830.87222114514,294.9999999999073,-24250752779653.89,-14828810511.664507,1.1065118382228865e+19,2.6471583113974858e+19,1.5406464731746038e+19
291880.87222114514,294.9999999999073,-24213220857306.668,-14828878721.920704,1.106384442474074e+19,2.647037171146625e+19,1.540652728672477e+19
291930.87222114514,294.9999999999073,-24176049994276.22,-14828946907.924541,1.1062572313865316e+19,2.646916216749642e+19,1.5406589853631265e+19
291980.87222114514,294.9999999999073,-24139229523246.957,-14829015069.709694,1.1061302031847365e+19,2.6467954464547836e+19,1.540665243269999e+19
292030.87222114514,294.9999999999073,-24102749366299.074,-14829083207.309782,1.1060033561505038e+19,2.6466748585602793e+19,1.5406715024097905e+19
292080.87222114514,294.9999999999073,-24066599988454.15,-14829151320.75836,1.105876688618448e+19,2.646554451412359e+19,1.5406777627938912e+19
292130.87222114514,294.9999999999073,-24030772355736.4,-14829219410.088915,1.1057501989721127e+19,2.646434223402263e+19,1.5406840244302092e+19
292180.87222114514,294.9999999999073,-23995257897259.363,-14829287475.334856,1.1056238856406346e+19,2.6463141729641378e+19,1.5406902873235786e+19
292230.87222114514,294.9999999999073,-23960048470900.78,-14829355516.529545,1.1054977470960216e+19,2.6461942985728774e+19,1.5406965514768433e+19
292280.87222114514,294.9999999999073,-23925136332177.992,-14829423533.706263,1.1053717818507145e+19,2.646074598741924e+19,1.5407028168912206e+19
292330.87222114514,294.9999999999073,-23890514105980.535,-14829491526.898233,1.1052459884552165e+19,2.645955072021807e+19,1.5407090835665998e+19
292380.87222114514,294.9999999999073,-23856174760854.914,-14829559496.138597,1.1051203654961981e+19,2.645835716998058e+19,1.5407153515018811e+19
292430.87222114514,294.9999999999073,-23822111585572.95,-14829627441.46046,1.1049949115947655e+19,2.645716532289884e+19,1.5407216206950758e+19
292480.87222114514,294.9999999999073,-23788318167745.266,-14829695362.896826,1.1048696254046634e+19,2.6455975165484196e+19,1.5407278911437298e+19
292530.87222114514,294.9999999999073,-23754788374269.42,-14829763260.480663,1.1047445056108763e+19,2.64547866845559e+19,1.5407341628447248e+19
292580.87222114514,294.9999999999073,-23721516333425.484,-14829831134.244858,1.1046195509281393e+19,2.6453599867226493e+19,1.5407404357945442e+19
292630.87222114514,294.9999999999073,-23688496418454.54,-14829898984.22224,1.104494760099631e+19,2.6452414700889596e+19,1.5407467099893363e+19
292680.87222114514,294.9999999999073,-23655723232472.844,-14829966810.445564,1.1043701318958934e+19,2.645123117320915e+19,1.540752985424966e+19
292730.87222114514,294.9999999999073,-23623191594591.45,-14830034612.947533,1.104245665113577e+19,2.645004927210626e+19,1.540759262097044e+19
292780.87222114514,294.9999999999073,-23590896527125.926,-14830102391.760769,1.1041213585743559e+19,2.6448868985754014e+19,1.5407655400010545e+19
292830.87222114514,294.9999999999073,-23558833243792.43,-14830170146.917847,1.1039972111240892e+19,2.6447690302562603e+19,1.5407718191322053e+19
292880.87222114514,294.9999999999073,-23526997138798.64,-14830237878.45127,1.1038732216316774e+19,2.644651321117299e+19,1.5407780994856577e+19
292930.87222114514,294.9999999999073,-23495383776747.33,-14830305586.393461,1.1037493889884244e+19,2.644533770044844e+19,1.5407843810564604e+19
292980.87222114514,294.9999999999073,-23463988883279.04,-14830373270.77681,1.103625712106946e+19,2.6444163759465087e+19,1.5407906638395927e+19
293030.87222114514,294.9999999999073,-23432808336388.24,-14830440931.633625,1.1035021899207002e+19,2.644299137750588e+19,1.5407969478299087e+19
293080.87222114514,294.9999999999073,-23401838158353.79,-14830508568.996145,1.1033788213829245e+19,2.644182054405195e+19,1.540803233022308e+19
293130.87222114514,294.9999999999073,-23371074508230.953,-14830576182.896553,1.1032556054662124e+19,2.6440651248778146e+19,1.5408095194116063e+19
293180.87222114514,294.9999999999073,-23340513674857.06,-14830643773.366974,1.1031325411616051e+19,2.643948348154226e+19,1.5408158069925847e+19
293230.87222114514,294.9999999999073,-23310152070328.016,-14830711340.439463,1.103009627478221e+19,2.643831723238266e+19,1.540822095760054e+19
293280.87222114514,294.9999999999073,-23279986223906.59,-14830778884.146008,1.1028868634424838e+19,2.6437152491512586e+19,1.5408283857087615e+19
293330.87222114514,294.9999999999073,-23250012776327.816,-14830846404.518538,1.1027642480975782e+19,2.6435989249312068e+19,1.5408346768335866e+19
293380.87222114514,294.9999999999073,-23220228474469.48,-14830913901.588924,1.1026417805029978e+19,2.643482749632251e+19,1.5408409691292891e+19
293430.87222114514,294.9999999999073,-23190630166359.074,-14830981375.388964,1.1025194597339134e+19,2.643366722324568e+19,1.5408472625906375e+19
293480.87222114514,294.9999999999073,-23161214796491.004,-14831048825.950405,1.1023972848807705e+19,2.6432508420933345e+19,1.5408535572125751e+19
293530.87222114514,294.9999999999073,-23131979401430.457,-14831116253.304926,1.102275255048891e+19,2.6431351080388125e+19,1.5408598529899106e+19
293580.87222114514,294.9999999999073,-23102921105682.312,-14831183657.484137,1.102153369357831e+19,2.6430195192753865e+19,1.5408661499175862e+19
293630.87222114514,294.9999999999073,-23074037117805.223,-14831251038.519608,1.1020316269411172e+19,2.642904074931607e+19,1.540872447990526e+19
293680.87222114514,294.9999999999073,-23045324726753.203,-14831318396.442806,1.10191002694576e+19,2.6427887741494936e+19,1.5408787472036848e+19
293730.87222114514,294.9999999999073,-23016781298427.99,-14831385731.285181,1.101788568532028e+19,2.6426736160841064e+19,1.5408850475520905e+19
293780.87222114514,294.9999999999073,-22988404272427.47,-14831453043.078102,1.1016672508727673e+19,2.6425585999035634e+19,1.5408913490308217e+19
293830.87222114514,294.9999999999073,-22960191158976.21,-14831520331.852869,1.1015460731533785e+19,2.6424437247882723e+19,1.540897651634915e+19
293880.87222114514,294.9999999999073,-22932139536025.54,-14831587597.640726,1.1014250345712032e+19,2.6423289899307307e+19,1.54090395535955e+19
293930.87222114514,294.9999999999073,-22904247046511.54,-14831654840.47287,1.1013041343354628e+19,2.642214394535356e+19,1.5409102601998678e+19
293980.87222114514,294.9999999999073,-22876511395760.48,-14831722060.380411,1.1011833716667376e+19,2.6420999378179e+19,1.540916566151142e+19
294030.87222114514,294.9999999999073,-22848930349031.6,-14831789257.39442,1.101062745796696e+19,2.641985619005312e+19,1.5409228732086362e+19
294080.87222114514,294.9999999999073,-22821501729188.543,-14831856431.545904,1.1009422559679044e+19,2.6418714373354996e+19,1.5409291813675958e+19
294130.87222114514,294.9999999999073,-22794223414490.87,-14831923582.865788,1.1008219014334808e+19,2.6417573920569586e+19,1.5409354906234604e+19
294180.87222114514,294.9999999999073,-22767093336497.953,-14831990711.384972,1.1007016814568604e+19,2.6416434824284414e+19,1.5409418009716066e+19
294230.87222114514,294.9999999999073,-22740109478078.49,-14832057817.134262,1.1005815953114917e+19,2.641529707718955e+19,1.5409481124074932e+19
294280.87222114514,294.9999999999073,-22713269871518.566,-14832124900.144424,1.1004616422805756e+19,2.641416067207124e+19,1.540954424926576e+19
294330.87222114514,294.9999999999073,-22686572596722.535,-14832191960.446165,1.1003418216569287e+19,2.641302560181391e+19,1.5409607385244533e+19
294380.87222114514,294.9999999999073,-22660015779500.996,-14832258998.070112,1.1002221327426685e+19,2.6411891859393495e+19,1.5409670531966792e+19
294430.87222114514,294.9999999999073,-22633597589940.56,-14832326013.046856,1.100102574849047e+19,2.641075943787912e+19,1.540973368938907e+19
294480.87222114514,294.9999999999073,-22607316240850.64,-14832393005.406916,1.0999831472961665e+19,2.640962833042998e+19,1.5409796857468019e+19
294530.87222114514,294.9999999999073,-22581169986282.625,-14832459975.18075,1.0998638494128224e+19,2.640849853028885e+19,1.540986003616106e+19
294580.87222114514,294.9999999999073,-22555157120117.38,-14832526922.398764,1.0997446805363384e+19,2.6407370030788952e+19,1.5409923225425885e+19
294630.87222114514,294.9999999999073,-22529275974717.113,-14832593847.091297,1.0996256400122341e+19,2.640624282534296e+19,1.5409986425220411e+19
294680.87222114514,294.9999999999073,-22503524919637.848,-14832660749.288643,1.099506727194249e+19,2.6405116907445998e+19,1.5410049635503235e+19
294730.87222114514,294.9999999999073,-22477902360399.336,-14832727629.021017,1.0993879414440139e+19,2.6403992270673404e+19,1.5410112856233626e+19
294780.87222114514,294.9999999999073,-22452406737308.957,-14832794486.318584,1.0992692821308916e+19,2.6402868908679164e+19,1.5410176087370615e+19
294830.87222114514,294.9999999999073,-22427036524336.89,-14832861321.211464,1.0991507486318266e+19,2.640174681519255e+19,1.5410239328874322e+19
294880.87222114514,294.9999999999073,-22401790228039.59,-14832928133.729692,1.0990323403312228e+19,2.64006259840174e+19,1.5410302580704836e+19
294930.87222114514,294.9999999999073,-22376666386529.234,-14832994923.903269,1.0989140566208078e+19,2.639950640903065e+19,1.541036584282287e+19
294980.87222114514,294.9999999999073,-22351663568486.254,-14833061691.76212,1.0987958968992225e+19,2.6398388084182032e+19,1.5410429115189676e+19
295030.87222114514,294.9999999999073,-22326780372213.34,-14833128437.336124,1.0986778605723517e+19,2.6397271003489604e+19,1.541049239776672e+19
295080.87222114514,294.9999999999073,-22302015424728.06,-14833195160.655104,1.0985599470526487e+19,2.6396155161041207e+19,1.5410555690514817e+19
295130.87222114514,294.9999999999073,-22277367380892.727,-14833261861.748806,1.0984421557594454e+19,2.6395040550991876e+19,1.5410618993397676e+19
295180.87222114514,294.9999999999073,-22252834922579.215,-14833328540.646938,1.0983244861185421e+19,2.6393927167562072e+19,1.5410682306377335e+19
295230.87222114514,294.9999999999073,-22228416757867.12,-14833395197.379145,1.0982069375621415e+19,2.6392815005038166e+19,1.5410745629416479e+19
295280.87222114514,294.9999999999073,-22204111620273.652,-14833461831.975014,1.0980895095288105e+19,2.6391704057766556e+19,1.5410808962478807e+19
295330.87222114514,294.9999999999073,-22179918268013.582,-14833528444.464064,1.0979722014632071e+19,2.6390594320159937e+19,1.5410872305527759e+19
295380.87222114514,294.9999999999073,-22155835483287.887,-14833595034.875774,1.0978550128161444e+19,2.6389485786689733e+19,1.5410935658528012e+19
295430.87222114514,294.9999999999073,-22131862071599.637,-14833661603.239569,1.097737943044279e+19,2.6388378451886035e+19,1.5410999021443246e+19
295480.87222114514,294.9999999999073,-22107996861095.793,-14833728149.584787,1.0976209916101472e+19,2.6387272310339875e+19,1.5411062394238759e+19
295530.87222114514,294.9999999999073,-22084238701933.848,-14833794673.940742,1.0975041579819213e+19,2.6386167356698653e+19,1.5411125776879448e+19
295580.87222114514,294.9999999999073,-22060586465671.957,-14833861176.336681,1.0973874416334903e+19,2.6385063585666056e+19,1.5411189169330688e+19
295630.87222114514,294.9999999999073,-22037039044681.562,-14833927656.801785,1.0972708420441977e+19,2.6383960992001098e+19,1.5411252571558517e+19
295680.87222114514,294.9999999999073,-22013595351581.496,-14833994115.36519,1.0971543586987942e+19,2.638285957051644e+19,1.5411315983529032e+19
295730.87222114514,294.9999999999073,-21990254318692.51,-14834060552.055971,1.0970379910873088e+19,2.638175931608127e+19,1.5411379405208584e+19
295780.87222114514,294.9999999999073,-21967014897511.414,-14834126966.903145,1.096921738705034e+19,2.638066022361429e+19,1.5411442836563644e+19
295830.87222114514,294.9999999999073,-21943876058203.754,-14834193359.93569,1.0968056010523726e+19,2.637956228808556e+19,1.5411506277561528e+19
295880.87222114514,294.9999999999073,-21920836789114.547,-14834259731.182491,1.0966895776347101e+19,2.6378465504516764e+19,1.5411569728169765e+19
295930.87222114514,294.9999999999073,-21897896096295.906,-14834326080.672422,1.0965736679624147e+19,2.6377369867979366e+19,1.5411633188355744e+19
295980.87222114514,294.9999999999073,-21875053003051.016,-14834392408.434267,1.096457871550633e+19,2.6376275373593846e+19,1.5411696658087485e+19
296030.87222114514,294.9999999999073,-21852306549493.773,-14834458714.496775,1.0963421879194513e+19,2.637518201652756e+19,1.5411760137333242e+19
296080.87222114514,294.9999999999073,-21829655792123.383,-14834524998.888622,1.0962266165934471e+19,2.6374089791995728e+19,1.5411823626061488e+19
296130.87222114514,294.9999999999073,-21807099803413.164,-14834591261.63845,1.0961111571019295e+19,2.6372998695260172e+19,1.5411887124240994e+19
296180.87222114514,294.9999999999073,-21784637671413.2,-14834657502.774837,1.0959958089787236e+19,2.637190872162821e+19,1.5411950631841114e+19
296230.87222114514,294.9999999999073,-21762268499366.11,-14834723722.326298,1.0958805717620445e+19,2.6370819866451235e+19,1.541201414883079e+19
296280.87222114514,294.9999999999073,-21739991405335.293,-14834789920.321304,1.095765444994605e+19,2.6369732125126017e+19,1.5412077675180077e+19
296330.87222114514,294.9999999999073,-21717805521845.453,-14834856096.788263,1.0956504282233016e+19,2.6368645493091344e+19,1.5412141210858263e+19
296380.87222114514,294.9999999999073,-21695709995534.53,-14834922251.755533,1.0955355209993878e+19,2.636755996583002e+19,1.5412204755836428e+19
296430.87222114514,294.9999999999073,-21673703986816.938,-14834988385.25142,1.0954207228782014e+19,2.6366475538866196e+19,1.5412268310083842e+19
296480.87222114514,294.9999999999073,-21651786669557.336,-14835054497.304178,1.0953060334192304e+19,2.6365392207764283e+19,1.5412331873572278e+19
296530.87222114514,294.9999999999073,-21629957230754.76,-14835120587.941994,1.0951914521859887e+19,2.636430996813134e+19,1.5412395446271881e+19
296580.87222114514,294.9999999999073,-21608214870236.586,-14835186657.19301,1.0950769787459903e+19,2.6363228815613354e+19,1.5412459028153678e+19
296630.87222114514,294.9999999999073,-21586558800361.9,-14835252705.085325,1.0949626126705983e+19,2.636214874589551e+19,1.5412522619189713e+19
296680.87222114514,294.9999999999073,-21564988245734.062,-14835318731.646952,1.094848353535135e+19,2.6361069754702107e+19,1.54125862193511e+19
296730.87222114514,294.9999999999073,-21543502442922.086,-14835384736.905891,1.094734200918638e+19,2.6359991837795467e+19,1.5412649828609563e+19
296780.87222114514,294.9999999999073,-21522100640190.22,-14835450720.89006,1.09462015440386e+19,2.6358914990976606e+19,1.541271344693777e+19
296830.87222114514,294.9999999999073,-21500782097235.87,-14835516683.627335,1.0945062135773417e+19,2.6357839210081174e+19,1.5412777074307592e+19
296880.87222114514,294.9999999999073,-21479546084935.21,-14835582625.145529,1.0943923780291285e+19,2.6356764490982593e+19,1.5412840710691346e+19
296930.87222114514,294.9999999999073,-21458391885096.36,-14835648545.472424,1.0942786473528617e+19,2.63556908295912e+19,1.5412904356062304e+19
296980.87222114514,294.9999999999073,-21437318790219.68,-14835714444.635715,1.0941650211458085e+19,2.6354618221851062e+19,1.5412968010392746e+19
297030.87222114514,294.9999999999073,-21416326103265.254,-14835780322.66308,1.0940514990085792e+19,2.6353546663742034e+19,1.5413031673656609e+19
297080.87222114514,294.9999999999073,-21395413137426.867,-14835846179.582125,1.093938080545183e+19,2.6352476151278645e+19,1.541309534582698e+19
297130.87222114514,294.9999999999073,-21374579215912.637,-14835912015.420403,1.093824765363078e+19,2.6351406680507523e+19,1.5413159026876592e+19
297180.87222114514,294.9999999999073,-21353823671731.734,-14835977830.205414,1.0937115530730254e+19,2.635033824751065e+19,1.5413222716780388e+19
297230.87222114514,294.9999999999073,-21333145847487.285,-14836043623.964615,1.0935984432890112e+19,2.6349270848401535e+19,1.5413286415511663e+19
297280.87222114514,294.9999999999073,-21312545095174.953,-14836109396.725403,1.0934854356281942e+19,2.634820447932683e+19,1.5413350123044968e+19
297330.87222114514,294.9999999999073,-21292020775987.17,-14836175148.515125,1.0933725297111087e+19,2.6347139136465183e+19,1.5413413839354008e+19
297380.87222114514,294.9999999999073,-21271572260122.9,-14836240879.361086,1.0932597251611677e+19,2.6346074816025743e+19,1.5413477564414167e+19
297430.87222114514,294.9999999999073,-21251198926602.332,-14836306589.290514,1.0931470216050469e+19,2.634501151424991e+19,1.5413541298199876e+19
297480.87222114514,294.9999999999073,-21230900163086.977,-14836372278.33061,1.0930344186723473e+19,2.634394922740896e+19,1.5413605040685715e+19
297530.87222114514,294.9999999999073,-21210675365704.395,-14836437946.508516,1.0929219159957922e+19,2.6342887951805043e+19,1.5413668791846885e+19
297580.87222114514,294.9999999999073,-21190523938877.668,-14836503593.851313,1.092809513210975e+19,2.6341827683768783e+19,1.5413732551658795e+19
297630.87222114514,294.9999999999073,-21170445295159.6,-14836569220.386042,1.0926972099564632e+19,2.634076841966165e+19,1.5413796320096913e+19
297680.87222114514,294.9999999999073,-21150438855071.01,-14836634826.139698,1.0925850058736126e+19,2.633971015587346e+19,1.5413860097136794e+19
297730.87222114514,294.9999999999073,-21130504046943.566,-14836700411.139196,1.0924729006067513e+19,2.6338652888821797e+19,1.5413923882754357e+19
297780.87222114514,294.9999999999073,-21110640306766.59,-14836765975.411444,1.092360893802913e+19,2.6337596614954275e+19,1.541398767692534e+19
297830.87222114514,294.9999999999073,-21090847078037.887,-14836831518.98326,1.0922489851119333e+19,2.6336541330745455e+19,1.541405147962588e+19
297880.87222114514,294.9999999999073,-21071123811618.348,-14836897041.88143,1.092137174186354e+19,2.6335487032695706e+19,1.5414115290832525e+19
297930.87222114514,294.9999999999073,-21051469965590.434,-14836962544.132689,1.0920254606814431e+19,2.6334433717336035e+19,1.5414179110521401e+19
297980.87222114514,294.9999999999073,-21031885005120.113,-14837028025.763712,1.0919138442551431e+19,2.6333381381220737e+19,1.5414242938669386e+19
298030.87222114514,294.9999999999073,-21012368402322.383,-14837093486.80114,1.0918023245679536e+19,2.633233002093178e+19,1.5414306775252847e+19
298080.87222114514,294.9999999999073,-20992919636130.14,-14837158927.271542,1.0916909012829915e+19,2.633127963307893e+19,1.5414370620249432e+19
298130.87222114514,294.9999999999073,-20973538192166.344,-14837224347.201462,1.0915795740659622e+19,2.6330230214295437e+19,1.5414434473635373e+19
298180.87222114514,294.9999999999073,-20954223562619.348,-14837289746.617369,1.0914683425850823e+19,2.6329181761238983e+19,1.541449833538859e+19
298230.87222114514,294.9999999999073,-20934975246121.28,-14837355125.545698,1.091357206511003e+19,2.6328134270595953e+19,1.541456220548571e+19
298280.87222114514,294.9999999999073,-20915792747629.473,-14837420484.012835,1.0912461655168864e+19,2.6327087739073626e+19,1.5414626083905018e+19
298330.87222114514,294.9999999999073,-20896675578310.688,-14837485822.045105,1.0911352192783817e+19,2.632604216340742e+19,1.5414689970623857e+19
298380.87222114514,294.9999999999073,-20877623255428.254,-14837551139.668793,1.091024367473431e+19,2.632499754035498e+19,1.5414753865619823e+19
298430.87222114514,294.9999999999073,-20858635302231.832,-14837616436.910124,1.0909136097824154e+19,2.632395386669518e+19,1.5414817768871307e+19
298480.87222114514,294.9999999999073,-20839711247849.863,-14837681713.795296,1.0908029458879855e+19,2.6322911139236037e+19,1.5414881680355731e+19
298530.87222114514,294.9999999999073,-20820850627184.53,-14837746970.350431,1.090692375475201e+19,2.632186935480449e+19,1.5414945600052427e+19
298580.87222114514,294.9999999999073,-20802052980809.285,-14837812206.601616,1.090581898231332e+19,2.632082851025146e+19,1.541500952793807e+19
298630.87222114514,294.9999999999073,-20783317854868.66,-14837877422.574888,1.0904715138459304e+19,2.63197886024522e+19,1.5415073463992832e+19
298680.87222114514,294.9999999999073,-20764644800980.59,-14837942618.296236,1.0903612220107821e+19,2.631874962830252e+19,1.5415137408194148e+19
298730.87222114514,294.9999999999073,-20746033376140.793,-14838007793.791594,1.0902510224198474e+19,2.6317711584720253e+19,1.541520136052164e+19
298780.87222114514,294.9999999999073,-20727483142629.527,-14838072949.08685,1.0901409147693025e+19,2.631667446864634e+19,1.5415265320953582e+19
298830.87222114514,294.9999999999073,-20708993667920.42,-14838138084.20785,1.0900308987574655e+19,2.631563827704343e+19,1.5415329289469065e+19
298880.87222114514,294.9999999999073,-20690564524591.38,-14838203199.180386,1.0899209740846846e+19,2.631460300689416e+19,1.5415393266047791e+19
298930.87222114514,294.9999999999073,-20672195290237.516,-14838268294.030203,1.0898111404536097e+19,2.631356865520404e+19,1.541545725066821e+19
298980.87222114514,294.9999999999073,-20653885547386.035,-14838333368.782991,1.0897013975687428e+19,2.6312535218997494e+19,1.5415521243310176e+19
299030.87222114514,294.9999999999073,-20635634883413.074,-14838398423.464403,1.0895917451368075e+19,2.6311502695321043e+19,1.5415585243952996e+19
299080.87222114514,294.9999999999073,-20617442890462.34,-14838463458.10004,1.0894821828664689e+19,2.631047108124089e+19,1.5415649252576377e+19
299130.87222114514,294.9999999999073,-20599309165365.6,-14838528472.71545,1.0893727104683926e+19,2.630944037384379e+19,1.541571326916e+19
299180.87222114514,294.9999999999073,-20581233309564.832,-14838593467.336142,1.089263327655296e+19,2.630841057023657e+19,1.5415777293683567e+19
299230.87222114514,294.9999999999073,-20563214929036.223,-14838658441.98757,1.0891540341417527e+19,2.630738166754515e+19,1.5415841326127604e+19
299280.87222114514,294.9999999999073,-20545253634215.703,-14838723396.695143,1.0890448296443212e+19,2.630635366291481e+19,1.5415905366471496e+19
299330.87222114514,294.9999999999073,-20527349039926.15,-14838788331.484222,1.0889357138815435e+19,2.630532655351142e+19,1.5415969414696006e+19
299380.87222114514,294.9999999999073,-20509500765306.168,-14838853246.380127,1.0888266865737394e+19,2.630430033651845e+19,1.5416033470781022e+19
299430.87222114514,294.9999999999073,-20491708433740.344,-14838918141.408121,1.0887177474431551e+19,2.630327500913856e+19,1.5416097534706954e+19
299480.87222114514,294.9999999999073,-20473971672791.06,-14838983016.593426,1.0886088962139322e+19,2.630225056859383e+19,1.5416161606454587e+19
299530.87222114514,294.9999999999073,-20456290114131.69,-14839047871.961216,1.0885001326119367e+19,2.6301227012123955e+19,1.5416225686004347e+19
299580.87222114514,294.9999999999073,-20438663393481.273,-14839112707.536606,1.0883914563649219e+19,2.6300204336986604e+19,1.5416289773337424e+19
299630.87222114514,294.9999999999073,-20421091150540.445,-14839177523.344694,1.0882828672024748e+19,2.629918254045837e+19,1.5416353868433545e+19
299680.87222114514,294.9999999999073,-20403573028928.875,-14839242319.410501,1.0881743648558275e+19,2.6298161619832975e+19,1.5416417971274756e+19
299730.87222114514,294.9999999999073,-20386108676123.816,-14839307095.759026,1.0880659490580236e+19,2.6297141572421964e+19,1.5416482081841689e+19
299780.87222114514,294.9999999999073,-20368697743400.09,-14839371852.415195,1.0879576195439202e+19,2.6296122395554296e+19,1.541654620011538e+19
299830.87222114514,294.9999999999073,-20351339885771.188,-14839436589.403908,1.087849376049934e+19,2.6295104086577037e+19,1.541661032607724e+19
299880.87222114514,294.9999999999073,-20334034761931.61,-14839501306.750015,1.0877412183143293e+19,2.629408664285242e+19,1.5416674459708807e+19
299930.87222114514,294.9999999999073,-20316782034200.45,-14839566004.478306,1.0876331460769706e+19,2.6293070061760315e+19,1.5416738600990945e+19
299980.87222114514,294.9999999999073,-20299581368465.973,-14839630682.613554,1.0875251590793626e+19,2.629205434069917e+19,1.541680274990553e+19
300030.87222114514,294.9999999999073,-20282432434131.465,-14839695341.180452,1.0874172570647046e+19,2.6291039477081383e+19,1.5416866906433999e+19
300080.87222114514,294.9999999999073,-20265334904062.035,-14839759980.203678,1.0873094397778014e+19,2.629002546833574e+19,1.5416931070558636e+19
300130.87222114514,294.9999999999073,-20248288454532.605,-14839824599.707842,1.0872017069650463e+19,2.6289012311911186e+19,1.541699524226039e+19
300180.87222114514,294.9999999999073,-20231292765176.816,-14839889199.717522,1.0870940583745298e+19,2.628800000526712e+19,1.5417059421521859e+19
300230.87222114514,294.9999999999073,-20214347518936.996,-14839953780.257236,1.0869864937557547e+19,2.628698854588218e+19,1.5417123608324557e+19
300280.87222114514,294.9999999999073,-20197452402015.12,-14840018341.35147,1.0868790128599024e+19,2.6285977931250487e+19,1.5417187802650915e+19
300330.87222114514,294.9999999999073,-20180607103824.723,-14840082883.02467,1.0867716154396334e+19,2.6284968158879416e+19,1.5417252004483033e+19
300380.87222114514,294.9999999999073,-20163811316943.69,-14840147405.301212,1.0866643012491923e+19,2.6283959226295165e+19,1.541731621380315e+19
300430.87222114514,294.9999999999073,-20147064737068.074,-14840211908.205448,1.086557070044276e+19,2.628295113103619e+19,1.5417380430593729e+19
300480.87222114514,294.9999999999073,-20130367062966.69,-14840276391.761692,1.0864499215821574e+19,2.628194387065844e+19,1.541744465483678e+19
300530.87222114514,294.9999999999073,-20113717996436.645,-14840340855.994175,1.0863428556215372e+19,2.628093744273056e+19,1.541750888651545e+19
300580.87222114514,294.9999999999073,-20097117242259.676,-14840405300.927132,1.0862358719225465e+19,2.6279931844837204e+19,1.5417573125611534e+19
300630.87222114514,294.9999999999073,-20080564508159.402,-14840469726.584719,1.0861289702468872e+19,2.627892707457764e+19,1.5417637372108362e+19
300680.87222114514,294.9999999999073,-20064059504759.203,-14840534132.991058,1.0860221503575855e+19,2.6277923129564594e+19,1.5417701625988848e+19
300730.87222114514,294.9999999999073,-20047601945541.137,-14840598520.170235,1.085915412019134e+19,2.6276920007427027e+19,1.5417765887235467e+19
300780.87222114514,294.9999999999073,-20031191546805.375,-14840662888.14628,1.085808754997455e+19,2.6275917705805074e+19,1.5417830155830831e+19
300830.87222114514,294.9999999999073,-20014828027630.63,-14840727236.943176,1.0857021790598394e+19,2.627491622235682e+19,1.541789443175892e+19
300880.87222114514,294.9999999999073,-19998511109835.12,-14840791566.584879,1.085595683974938e+19,2.627391555475118e+19,1.5417958715001772e+19
300930.87222114514,294.9999999999073,-19982240517938.332,-14840855877.095282,1.0854892695128377e+19,2.6272915700672225e+19,1.5418023005543295e+19
300980.87222114514,294.9999999999073,-19966015979123.562,-14840920168.498245,1.0853829354449664e+19,2.6271916657816527e+19,1.541808730336633e+19
301030.87222114514,294.9999999999073,-19949837223200.965,-14840984440.817585,1.0852766815440724e+19,2.6270918423895175e+19,1.5418151608454607e+19
301080.87222114514,294.9999999999073,-19933703982571.48,-14841048694.077068,1.085170507584223e+19,2.6269920996633494e+19,1.5418215920791171e+19
301130.87222114514,294.9999999999073,-19917615992191.223,-14841112928.300425,1.085064413340828e+19,2.6268924373767303e+19,1.54182802403593e+19
301180.87222114514,294.9999999999073,-19901572989536.676,-14841177143.511337,1.0849583985905674e+19,2.6267928553048592e+19,1.541834456714323e+19
301230.87222114514,294.9999999999073,-19885574714570.375,-14841241339.73344,1.0848524631114238e+19,2.626693353224042e+19,1.541840890112598e+19
301280.87222114514,294.9999999999073,-19869620909707.31,-14841305516.990328,1.0847466066827536e+19,2.626593930911933e+19,1.541847324229185e+19
301330.87222114514,294.9999999999073,-19853711319781.855,-14841369675.305565,1.084640829085047e+19,2.6264945881474757e+19,1.5418537590624215e+19
301380.87222114514,294.9999999999073,-19837845692015.34,-14841433814.702658,1.0845351301001267e+19,2.6263953247108063e+19,1.541860194610676e+19
301430.87222114514,294.9999999999073,-19822023775984.125,-14841497935.205061,1.0844295095110504e+19,2.6262961403834135e+19,1.541866630872342e+19
301480.87222114514,294.9999999999073,-19806245323588.316,-14841562036.83621,1.0843239671020988e+19,2.6261970349479944e+19,1.5418730678458952e+19
301530.87222114514,294.9999999999073,-19790510089020.93,-14841626119.619482,1.0842185026587306e+19,2.6260980081883406e+19,1.5418795055296465e+19
301580.87222114514,294.9999999999073,-19774817828737.734,-14841690183.578218,1.084113115967727e+19,2.6259990598898e+19,1.5418859439220548e+19
301630.87222114514,294.9999999999073,-19759168301427.438,-14841754228.735718,1.0840078068169753e+19,2.625900189838453e+19,1.541892383021526e+19
301680.87222114514,294.9999999999073,-19743561267982.574,-14841818255.115217,1.0839025749955578e+19,2.6258013978220737e+19,1.5418988228264829e+19
301730.87222114514,294.9999999999073,-19727996491470.72,-14841882262.739944,1.0837974202938032e+19,2.625702683629193e+19,1.541905263335387e+19
301780.87222114514,294.9999999999073,-19712473737106.34,-14841946251.633062,1.0836923425031506e+19,2.6256040470497788e+19,1.5419117045466493e+19
301830.87222114514,294.9999999999073,-19696992772223.008,-14842010221.817692,1.0835873414161672e+19,2.6255054878748713e+19,1.5419181464587452e+19
301880.87222114514,294.9999999999073,-19681553366246.19,-14842074173.316923,1.0834824168266234e+19,2.6254070058967306e+19,1.541924589070076e+19
301930.87222114514,294.9999999999073,-19666155290666.426,-14842138106.153803,1.0833775685294195e+19,2.6253086009085768e+19,1.5419310323791567e+19
301980.87222114514,294.9999999999073,-19650798319012.96,-14842202020.351315,1.0832727963205794e+19,2.6252102727050244e+19,1.5419374763844258e+19
302030.87222114514,294.9999999999073,-19635482226827.85,-14842265915.932434,1.0831680999972084e+19,2.6251120210815672e+19,1.5419439210843519e+19
302080.87222114514,294.9999999999073,-19620206791640.5,-14842329792.920069,1.0830634793575731e+19,2.625013845834965e+19,1.5419503664774275e+19
302130.87222114514,294.9999999999073,-19604971792942.61,-14842393651.337091,1.0829589342009602e+19,2.624915746763062e+19,1.5419568125621213e+19
302180.87222114514,294.9999999999073,-19589777012163.48,-14842457491.206343,1.0828544643278316e+19,2.624817723664741e+19,1.541963259336947e+19
302230.87222114514,294.9999999999073,-19574622232645.86,-14842521312.55061,1.0827500695396661e+19,2.624719776340079e+19,1.5419697068003783e+19
302280.87222114514,294.9999999999073,-19559507239622.07,-14842585115.392635,1.0826457496390334e+19,2.624621904589981e+19,1.5419761549509198e+19
302330.87222114514,294.9999999999073,-19544431820190.562,-14842648899.755146,1.0825415044295555e+19,2.624524108216701e+19,1.5419826037871223e+19
302380.87222114514,294.9999999999073,-19529395763292.85,-14842712665.660795,1.0824373337159096e+19,2.6244263870233776e+19,1.5419890533074473e+19
302430.87222114514,301.5436110572206,-29061344318602.246,-33976158002.475643,1.083132951389082e+19,2.624280910418744e+19,1.541147959029689e+19
302480.87222114514,304.0436110568947,-34124771521261.523,-47294719897.35643,1.0836420369661452e+19,2.624110050084526e+19,1.540468013118355e+19
302530.87222114514,306.54361105682403,-39695361709103.484,-64677233386.07736,1.084183270281055e+19,2.6239112498857206e+19,1.5397279796046584e+19
302580.87222114514,309.0436110576514,-45916428544923.75,-87936159854.87885,1.0847959222638293e+19,2.623681228056828e+19,1.5388853057929798e+19
302630.87222114514,311.543611057632,-52882127845131.375,-118948572135.1265,1.0854962630055156e+19,2.6234162226676146e+19,1.5379199596621122e+19
302680.87222114514,314.04361105726883,-60663116059017.51,-160101730624.47623,1.086297306189784e+19,2.6231121065695724e+19,1.5368148003797717e+19
302730.87222114514,316.54361105699377,-69279117445096.234,-214453789377.78317,1.0871991186868722e+19,2.622764638701804e+19,1.5355655200150016e+19
302780.87222114514,319.0436110569226,-78839490092936.6,-285908357151.3527,1.0882373218783156e+19,2.622369011695332e+19,1.534131689816994e+19
302830.87222114514,321.5436110577374,-89338530413936.0,-379424493731.1976,1.0894204674453445e+19,2.621920421903625e+19,1.5324999544582744e+19
302880.87222114514,324.04361105768515,-100780540633734.36,-501276436971.75214,1.0907630548603863e+19,2.6214140127984288e+19,1.5306509579380605e+19
302930.87222114514,326.54361105732374,-113160371084364.94,-659368769421.1437,1.0922820536658954e+19,2.620844914077089e+19,1.5285628604112093e+19
302980.87222114514,329.0436110570006,-126468098553946.44,-863618915540.1803,1.0939959514004083e+19,2.620208255466462e+19,1.5262123040660724e+19
303030.87222114514,331.543611056846,-140702334822043.1,-1126419001162.3503,1.0959245147910613e+19,2.6194991116742906e+19,1.5235745968832403e+19
303080.87222114514,334.04361105764605,-155887728717984.84,-1463190851678.231,1.0980887228965937e+19,2.618712357055228e+19,1.520623634158617e+19
303130.87222114514,336.54361105725644,-172090268524549.06,-1893049480394.0605,1.1005107207142883e+19,2.6178424404473745e+19,1.5173317197330817e+19
303180.87222114514,339.04361105718203,-189422149789766.22,-2439591808640.668,1.1032137559437427e+19,2.616883131725836e+19,1.5136693757820674e+19
303230.87222114514,341.54361105723234,-208030540752618.16,-3131828341642.2036,1.1062220901234866e+19,2.6158273198713315e+19,1.5096052297478472e+19
303280.87222114514,344.04361105711814,-228072664484362.7,-4005275731788.7847,1.109560881496667e+19,2.614666930165033e+19,1.505106048668446e+19
303330.87222114514,346.5436110578682,-249688658691603.28,-5103227018406.402,1.1132560383444072e+19,2.613392970734273e+19,1.5001369323898409e+19
303380.87222114514,349.0436110574994,-272985697861025.6,-6478212948328.014,1.1173340418629376e+19,2.611995651179607e+19,1.4946616093167008e+19
303430.87222114514,351.54361105739,-298038815273092.75,-8193660772596.561,1.121821737519687e+19,2.610464488799777e+19,1.4886427512800494e+19
303480.87222114514,354.0436110570108,-324902641560739.9,-10325744145839.795,1.126746093455847e+19,2.6087883468719243e+19,1.4820422534160919e+19
303530.87222114514,356.54361105691396,-353623768985944.3,-12965395993509.312,1.1321339242569247e+19,2.6069554010479387e+19,1.4748214767909853e+19
303580.87222114514,359.0436110576478,-384247525240509.7,-16220420868210.064,1.138011578524597e+19,2.604953061318199e+19,1.4669414827936164e+19
303630.87222114514,361.54361105725417,-416819206169971.2,-20217589241828.945,1.1444045891576095e+19,2.602767877341767e+19,1.4583632881841652e+19
303680.87222114514,364.04361105706533,-451382650998097.0,-25104523999336.57,1.1513372859821744e+19,2.6003854414670615e+19,1.449048155484916e+19
303730.87222114514,366.5436110574351,-487978431720900.2,-31051129841822.17,1.1588323713102295e+19,2.5977902936590574e+19,1.4389579223488449e+19
303780.87222114514,369.0436110573727,-526642473017144.3,-38250380353570.375,1.1669104601667512e+19,2.5949658293912666e+19,1.4280553692245316e+19
303830.87222114514,371.54361105698166,-567405110923143.5,-46918657686422.42,1.1755895883017669e+19,2.5918942105463464e+19,1.416304622244603e+19
303880.87222114514,374.04361105765366,-610290423442322.0,-57296528076894.18,1.1848846925742313e+19,2.5885562757856375e+19,1.4036715832113973e+19
303930.87222114514,376.5436110574316,-655315717462001.8,-69651002468285.98,1.1948070698231495e+19,2.584931442181452e+19,1.390124372358312e+19
303980.87222114514,379.0436110570888,-702491118319714.9,-84278309025566.86,1.2053638224902828e+19,2.58099759503877e+19,1.3756337725485115e+19
304030.87222114514,381.5436110569979,-751819240301687.4,-101501512229846.5,1.21655730353079e+19,2.5767309912686645e+19,1.3601736877378773e+19
304080.87222114514,384.04361105656835,-803294929147728.8,-121653418211342.12,1.2283845809848322e+19,2.572106249522843e+19,1.3437216685379975e+19
304130.87222114514,386.54361105728526,-856905072371057.6,-145038191349685.22,1.240836952932389e+19,2.5670965331930657e+19,1.3262595802606948e+19
304180.87222114514,389.04361105703595,-912628474871982.5,-171876824258424.25,1.253899551358963e+19,2.5616740066832642e+19,1.3077744553243343e+19
304230.87222114514,391.5436110576832,-970435797779259.9,-202254858542612.25,1.2675510717523526e+19,2.555810553383465e+19,1.2882594816310878e+19
304280.87222114514,394.04361105730845,-1030289558398091.9,-236094468454337.97,1.2817636504051108e+19,2.5494786332258284e+19,1.2677149828207438e+19
304330.87222114514,396.5436110572069,-1092144188884423.2,-273163096937562.5,1.296502887275373e+19,2.5426520967675978e+19,1.2461492094922267e+19
304380.87222114514,399.0436110577665,-1155946150948751.5,-313114293908443.94,1.3117279890504909e+19,2.5353067945084047e+19,1.2235788054578799e+19
304430.87222114514,401.5436110575733,-1221634103593331.8,-355544396542909.06,1.3273919948541297e+19,2.527420901967384e+19,1.2000289071132873e+19
304480.87222114514,404.0436110571262,-1289139120641298.0,-400046933811072.9,1.3434420493643713e+19,2.5189749716504818e+19,1.1755329222860827e+19
304530.87222114514,406.54361105679635,-1358384954637811.5,-446252857319853.44,1.3598197007302984e+19,2.5099517825428087e+19,1.1501320818125113e+19
304580.87222114514,409.04361105667454,-1429288343593076.8,-493853020570493.0,1.3764612158115052e+19,2.500336075672235e+19,1.1238748598607043e+19
304630.87222114514,411.5436110572511,-1501759356986930.2,-542605353240919.75,1.393297916700246e+19,2.490114252070588e+19,1.0968163353703006e+19
304680.87222114514,414.0436110570448,-1575701777451634.2,-592331696948049.5,1.4102565478532553e+19,2.479274084648357e+19,1.0690175367950936e+19
304730.87222114514,416.54361105659694,-1651013514578681.2,-642909188663978.2,1.4272596832555444e+19,2.4678044710830776e+19,1.0405447878275222e+19
304780.87222114514,419.0436110575644,-1727587047339933.5,-694259808285854.0,1.4442261799827632e+19,2.455695236757675e+19,1.0114690567748723e+19
304830.87222114514,421.54361105743754,-1805309891658587.5,-746340269625928.4,1.4610716803381115e+19,2.4429369859061174e+19,9.818653055679934e+18
304880.87222114514,424.04361105790036,-1884065089698457.5,-799133303038375.1,1.4777091607389366e+19,2.4295209938997436e+19,9.518118331608138e+18
304930.87222114514,426.54361105768027,-1963731717449391.2,-852640651743987.8,1.4940495223314037e+19,2.4154391320137253e+19,9.213896096823374e+18
304980.87222114514,429.04361105725354,-2044185407166261.8,-906877711238303.8,1.510002216057553e+19,2.4006838163843006e+19,8.906816003267288e+18
305030.87222114514,431.5436110568423,-2125298881166564.8,-961869570422254.6,1.5254758934837793e+19,2.3852479740916146e+19,8.597720806078475e+18
305080.87222114514,434.04361105674616,-2206942493407622.5,-1017648169270247.2,1.540379073924376e+19,2.3691250207459873e+19,8.287459468216621e+18
305130.87222114514,436.543611057153,-2288984775158385.5,-1074250306343408.5,1.5546208180795705e+19,2.35230884530875e+19,7.976880272291604e+18
305180.87222114514,439.04361105707466,-2371292980955330.5,-1131716272119356.8,1.5681113983954743e+19,2.3347937990159135e+19,7.666824006203697e+18
305230.87222114514,441.54361105664333,-2453733630910596.0,-1190088930982837.0,1.580762956552091e+19,2.316574686181119e+19,7.358117296290121e+18
305280.87222114514,444.0436110577195,-2536173045329442.0,-1249413116746148.2,1.5924901388290961e+19,2.2976467553474277e+19,7.051566165183455e+18
305330.87222114514,446.54361105752906,-2618477867515041.5,-1309735240550546.2,1.6032107005646088e+19,2.2780056897856594e+19,6.747949892210294e+18
305380.87222114514,449.0436110580146,-2700515570596139.0,-1371103035559510.2,1.6128460714974104e+19,2.257647596735158e+19,6.44801525237752e+18
305430.87222114514,451.54361105765105,-2782154944206653.5,-1433565380743162.0,1.6213218744791226e+19,2.2365689950922334e+19,6.15247120613127e+18
305480.87222114514,454.0436110573965,-2863266556850255.0,-1497172157320813.8,1.628568390866434e+19,2.2147668015046783e+19,5.86198410638235e+18
305530.87222114514,456.5436110569291,-2943723189726782.5,-1561974097075193.5,1.634520966860875e+19,2.1922383150552584e+19,5.577173481943772e+18
305580.87222114514,459.0436110567184,-3023400237553397.0,-1628022582638305.8,1.6391203561694636e+19,2.168981200940058e+19,5.298608447706122e+18
305630.87222114514,461.54361105719795,-3102176071287559.0,-1695369356746088.2,1.6423129956065477e+19,2.1449934737868132e+19,5.026804781802505e+18
305680.87222114514,464.04361105682835,-3179932356340937.5,-1764066091155110.5,1.6440512116482583e+19,2.1202734815371882e+19,4.762222698889327e+18
305730.87222114514,466.54361105668465,-3256554317503896.5,-1834163757342185.5,1.6442933574749034e+19,2.0948198911517258e+19,4.5052653367683226e+18
305780.87222114514,469.04361105789854,-3331930937973398.0,-1905711731457385.2,1.6430038816797088e+19,2.068631677794232e+19,4.256277961145211e+18
305830.87222114514,471.5436110576933,-3405955074258345.0,-1978756556801092.0,1.6401533315658056e+19,2.041708119629307e+19,4.015547880634578e+18
305880.87222114514,474.04361105739673,-3478523461230005.0,-2053340280250459.8,1.6357182957706392e+19,2.014048800912939e+19,3.7833050514228506e+18
305930.87222114514,476.54361105775234,-3549536572527062.0,-2129498276822708.0,1.6296812928046412e+19,1.9856536266578686e+19,3.5597233385321933e+18
305980.87222114514,479.0436110575292,-3618898291895207.0,-2207256481430003.5,1.6220306139210283e+19,1.9565228527834755e+19,3.344922388624453e+18
306030.87222114514,481.5436110570391,-3686515342593371.0,-2286627961394516.0,1.6127601304568326e+19,1.926657136256318e+19,3.138970057994595e+18
306080.87222114514,484.04361105681573,-3752296417247944.5,-2367608789714748.0,1.6018690773024715e+19,1.8960576102147117e+19,2.9418853291225257e+18
306130.87222114514,486.5436110565131,-3816150952442953.5,-2450173218943413.5,1.5893618253277422e+19,1.8647259893514224e+19,2.7536416402369244e+18
306180.87222114514,489.04361105681534,-3877987503814674.5,-2534268209142181.5,1.5752476562602498e+19,1.832664710780646e+19,2.5741705452040125e+18
306230.87222114514,491.5436110565392,-3937711700557047.5,-2619807429213735.5,1.5595405535131445e+19,1.7998771151261254e+19,2.403365616130029e+18
306280.87222114514,494.0436110581225,-3995223793492707.5,-2706664925283236.5,1.542259021647825e+19,1.7663676715269106e+19,2.2410864987906588e+18
306330.87222114514,496.5436110577563,-4050415856452060.5,-2794668726689150.5,1.5234259454367099e+19,1.7321422486061105e+19,2.0871630316941711e+18
306380.87222114514,499.0436110574775,-4103168752359965.5,-2883594731499248.0,1.503068496840695e+19,1.6972084311819428e+19,1.94139934341242e+18
306430.87222114514,501.5436110578975,-4153349026778940.0,-2973161269991027.0,1.4812180947226e+19,1.6615758796934128e+19,1.8035778497079675e+18
306480.87222114514,504.0436110576218,-4200805935087856.0,-3063024776871725.0,1.4579104179676785e+19,1.6252567261291178e+19,1.6734630816141658e+18
306530.87222114514,506.54361105717265,-4245368837498699.5,-3152777003233413.0,1.4331854681775792e+19,1.58826599692106e+19,1.550805287434825e+18
306580.87222114514,509.0436110567328,-4286845202802929.5,-3241944162299689.0,1.407087673605421e+19,1.5506220500912435e+19,1.4353437648584238e+18
306630.87222114514,511.5436110564905,-4325019443990567.0,-3329988327927292.5,1.3796660219089633e+19,1.51234701122746e+19,1.326809893184819e+18
306680.87222114514,514.0436110568401,-4359652767137751.5,-3416311295213277.0,1.350974205993445e+19,1.4734671909115169e+19,1.2249298491806938e+18
306730.87222114514,516.5436110565893,-4390484153238794.0,-3500260976542046.0,1.3210707650040801e+19,1.4340134652584505e+19,1.1294270025437514e+18
306780.87222114514,519.0436110581778,-4417232517930907.0,-3581140255695812.0,1.290019201610388e+19,1.3940216013861749e+19,1.0400239977575537e+18
306830.87222114514,521.5436110579119,-4439600015050948.5,-3658218071062194.5,1.257888057166464e+19,1.3535325109513951e+19,9.564445378492703e+17
306880.87222114514,524.0436110576679,-4457276375709276.0,-3730742360608229.5,1.2247509280624927e+19,1.3125924172656052e+19,8.784148920309487e+17
306930.87222114514,526.5436110579991,-4469944113013871.0,-3797954388718571.0,1.1906864094109778e+19,1.2712529247526513e+19,8.056651534168188e+17
306980.87222114514,529.043611057747,-4477284379460956.0,-3859103897705954.0,1.1557779558484453e+19,1.2295709833624697e+19,7.379302751404296e+17
307030.87222114514,531.5436110572996,-4478983242194556.0,-3913464490193620.5,1.1201136533426274e+19,1.1876087446961281e+19,6.749509135349302e+17
307080.87222114514,534.0436110568795,-4474738140695331.5,-3960348653568031.0,1.0837859001248694e+19,1.1454333107203367e+19,6.164741059546816e+17
307130.87222114514,536.543611056583,-4464264309210607.0,-3999121881022274.5,1.0468909988953573e+19,1.103116379764602e+19,5.622538086925371e+17
307180.87222114514,539.0436110569324,-4447300977636117.0,-4029215418630303.0,1.0095286660124377e+19,1.0607337977786573e+19,5.120513176622963e+17
307230.87222114514,541.5436110566066,-4423617203809619.0,-4050137265382746.0,9.718014662874354e+18,1.018365025427999e+19,4.6563559140573254e+17
307280.87222114514,544.0436110562101,-4393017231346232.5,-4061481163101641.5,9.338141841682663e+18,9.760925334510408e+18,4.227834928276132e+17
307330.87222114514,546.5436110581136,-4355345304994368.5,-4062933425742501.5,8.956731434854077e+18,9.34001139792579e+18,3.832799630716828e+17
307380.87222114514,549.0436110578144,-4310489906077826.0,-4054277564069603.0,8.57485488609773e+18,8.921773024370314e+18,3.46918138272596e+17
307430.87222114514,551.5436110580257,-4258387391622559.5,-4035396755239897.5,8.193584399342425e+18,8.50708381697897e+18,3.134994176363684e+17
307480.87222114514,554.0436110576884,-4199025031667607.5,-4006274282883491.5,7.813985361755793e+18,8.096818851202803e+18,2.8283348944714074e+17
307530.87222114514,556.5436110574129,-4132443441006078.0,-3966992129571966.0,7.437108752465629e+18,7.691847072625726e+18,2.5473832016009098e+17
307580.87222114514,559.0436110570113,-4058738396362178.5,-3917727939951701.0,7.063983645081751e+18,7.293023755762066e+18,2.2904011068022954e+17
307630.87222114514,561.5436110567259,-3978062020687566.0,-3858750590812155.5,6.695609901953427e+18,6.9011831251395e+18,2.0557322318611376e+17
307680.87222114514,564.043611056904,-3890623305997567.5,-3790414606680212.0,6.33295114808875e+18,6.517131229458782e+18,1.8418008137003898e+17
307730.87222114514,566.5436110565657,-3796687937890370.5,-3713153649592375.5,5.976928103371914e+18,6.141639150038471e+18,1.6471104666657075e+17
307780.87222114514,569.0436110562772,-3696577380959009.0,-3627473293125762.0,5.62841234342149e+18,5.775436616288956e+18,1.470242728675052e+17
307830.87222114514,571.54361105811,-3590667186254445.0,-3533943267055407.5,5.288220552155178e+18,5.419206093579205e+18,1.3098554142394658e+17
307880.87222114514,574.0436110579471,-3479384490435170.0,-3433189333210205.5,4.957109322679243e+18,5.073577402353636e+18,1.1646807967435186e+17
307930.87222114514,576.543611057547,-3363204691007905.0,-3325884927717817.0,4.635770557191676e+18,4.739122921375271e+18,1.03352364183601e+17
307980.87222114514,579.0436110578223,-3242647302148385.5,-3212742681706354.0,4.3248275108275927e+18,4.4163534221418583e+18,9.152591131432203e+16
308030.87222114514,581.5436110575129,-3118271019473267.5,-3094505912885593.5,4.0248315184158234e+18,4.105714575484648e+18,8.088305706876136e+16
308080.87222114514,584.0436110570905,-2990668047981190.5,-2971940164907115.0,3.7362594366667505e+18,3.807584164802386e+18,7.132472813560655e+16
308130.87222114514,586.5436110568152,-2860457773277341.5,-2845824860154771.5,3.459511827141331e+18,3.522270033094487e+18,6.275820595319046e+16
308180.87222114514,589.0436110564051,-2728279880339092.0,-2716945124412343.5,3.194911897358372e+18,3.250008782822207e+18,5.50968854638364e+16
308230.87222114514,591.5436110566561,-2594787044929778.5,-2586083838167560.0,2.9427052085443185e+18,2.9909652386342984e+18,4.8260030089985864e+16
308280.87222114514,594.043611056322,-2460637339150608.5,-2454013968412117.5,2.7030601489072635e+18,2.74523267322477e+18,4.217252431746078e+16
308330.87222114514,596.5436110582685,-2326486503765090.5,-2321491235841446.0,2.476069161084399e+18,2.51283378621469e+18,3.676462513030562e+16
308380.87222114514,599.0436110579662,-2192980245467885.8,-2189247174445361.5,2.2617507017812792e+18,2.293722415190981e+18,3.197171340969948e+16
308430.87222114514,601.5436110577219,-2060746717201313.5,-2057982642728741.2,2.0600519008789235e+18,2.087785947168072e+18,2.7734046289153056e+16
308480.87222114514,604.0436110578494,-1930389334246152.5,-1928361847394850.5,1.8708518767097021e+18,1.894848388061255e+18,2.399651135159084e+16
308530.87222114514,606.5436110576284,-1802480068660411.2,-1801006940553879.0,1.6939656541162368e+18,1.714674037577458e+18,2.0708383461222896e+16
308580.87222114514,609.0436110571632,-1677553350399729.8,-1676493249832617.8,1.529148622600362e+18,1.546971707544325e+18,1.7823084943980226e+16
308630.87222114514,611.543611056847,-1556100685901410.0,-1555345196770877.8,1.3761014636273183e+18,1.391399413390736e+18,1.5297949763416608e+16
308680.87222114514,614.043611056538,-1438566084864474.2,-1438032952404614.5,1.2344754692261486e+18,1.2475694615088008e+18,1.3093992282649222e+16
308730.87222114514,616.5436110566362,-1325342364209320.5,-1324969869948714.0,1.103878168628742e+18,1.1150538497838848e+18,1.117568115514812e+16
308780.87222114514,619.0436110563616,-1216768375519115.2,-1216510723183007.2,9.83879175987331e+17,9.933898948331661e+17,9510718845829016.0
308830.87222114514,621.543611058432,-1113127179354333.0,-1112950765856380.5,8.740161703114305e+17,8.820859975583269e+17,8069827246887013.0
308880.87222114514,624.04361105804,-1014645167335257.9,-1014525612626858.2,7.738009187289289e+17,7.806274585471849e+17,6826539818254824.0
308930.87222114514,626.5436110577103,-921492111373058.2,-921411926328094.6,6.827252560015562e+17,6.884822566502863e+17,5757000648729742.0
308980.87222114514,629.043611057989,-833782099403109.1,-833728880325851.0,6.002669368537688e+17,6.051067076531195e+17,4839770799352582.0
309030.87222114514,631.5436110577097,-751575298866293.8,-751540349055492.4,5.2589528299295725e+17,5.2995092524737363e+17,4055642254418550.5
309080.87222114514,634.0436110572781,-674880473361443.1,-674857765150034.2,4.590765535463194e+17,4.6246401331313005e+17,3387459766816967.0
309130.87222114514,636.5436110568868,-603658164651782.1,-603643568459210.0,3.992789758070032e+17,4.0209892664982246e+17,2819950842818204.5
309180.87222114514,639.0436110566491,-537824441775086.44,-537815161226792.56,3.459773824260171e+17,3.483169464928191e+17,2339564066801477.5
309230.87222114514,641.5436110567581,-477255111530985.56,-477249275133581.5,2.986574112345256e+17,3.005917271534574e+17,1934315918934289.8
309280.87222114514,644.0436110564683,-421790280170565.1,-421786650108812.44,2.5681923444521187e+17,2.5841288063406864e+17,1593646188856161.2
309330.87222114514,646.5436110560346,-371239154682039.94,-371236921917417.7,2.1998079476272704e+17,2.2128907679932355e+17,1308282036598694.2
309380.87222114514,649.0436110580378,-325384973557475.44,-325383615573466.2,1.876805366395429e+17,1.8875064733859834e+17,1070110699054484.0
309430.87222114514,651.5436110576507,-283989961163263.56,-283989144517882.7,1.5947963126372547e+17,1.603516920508911e+17,872060787164434.4
309480.87222114514,654.0436110577363,-246800206568946.84,-246799721028460.88,1.3496370360128138e+17,1.3567169566784627e+17,707992066568363.4
309530.87222114514,656.543611057424,-213550376592875.72,-213550091203116.3,1.137440787115907e+17,1.1431667227530253e+17,572593563713619.9
309580.87222114514,659.0436110571246,-183968183520740.72,-183968017698486.97,9.545857242069765e+16,9.591986221197742e+16,461289791279481.6
309630.87222114514,661.5436110572357,-157778540022238.3,-157778444783694.7,7.97718581275361e+16,8.014201296965566e+16,370154842117865.3
309680.87222114514,664.0436110570495,-134707346784040.3,-134707292717669.28,6.637544693232651e+16,6.66712809928373e+16,295834060510389.44
309730.87222114514,666.5436110571482,-114484871837259.11,-114484841500250.06,5.498732236044276e+16,5.522279532449085e+16,235472964048063.38
309780.87222114514,669.0436110567293,-96848694037084.77,-96848677212386.6,4.535127370141473e+16,4.553792676077316e+16,186653059358268.6
309830.87222114514,671.5436110564511,-81546196230826.64,-81546187007949.95,3.723597342720001e+16,3.738330759778629e+16,147334170586196.2
309880.87222114514,674.0436110583285,-68336605779082.52,-68336600755075.64,3.0433844253093308e+16,3.0549647196745244e+16,115802943651118.64
309930.87222114514,676.5436110580196,-56992592437466.8,-56992589695020.65,2.4759761355527388e+16,2.485038807259917e+16,90626717071900.86
309980.87222114514,679.0436110580854,-47301440126647.48,-47301438633537.66,2.004963064339289e+16,2.012024404158706e+16,70613398194396.3
310030.87222114514,681.5436110577613,-39065822707660.61,-39065821909827.33,1.6158886402289924e+16,1.6213661820916318e+16,54775418626485.555
310080.87222114514,684.0436110574516,-32104215291614.062,-32104214819217.48,1.2960941759947818e+16,1.3003240327423056e+16,42298567475210.125
310130.87222114514,686.5436110570322,-26250980561750.633,-26250980336562.41,1.0345627521886708e+16,1.0378142295721496e+16,32514773834887.555
310180.87222114514,689.0436110567126,-21356172245863.543,-21356172128789.992,8217646512012834.0,8242525049201023.0,24878537188210.227
310230.87222114514,691.5436110564118,-17285098644003.656,-17285098575758.621,6495068528483935.0,6514015160580689.0,18946632096754.53
310280.87222114514,694.0436110564432,-13917689666355.732,-13917689644353.672,5107885441995902.0,5122246171028034.0,14360729032054.578
310330.87222114514,696.5436110562035,-11147710619255.045,-11147710627339.88,3996642497738422.5,4007475095309845.0,10832597571421.258
310380.87222114514,699.0436110579748,-8881862319371.805,-8881862316690.21,3111157297508937.5,3119288877385338.0,8131579876425.986
310430.87222114514,701.5436110576787,-7038804524119.424,-7038804517970.553,2409334383268449.0,2415408430646420.0,6074047377981.971
310480.87222114514,704.0436110572049,-5548136752451.325,-5548136746714.96,1856080171418266.2,1860594750295669.5,4514578877439.635
310530.87222114514,706.5436110572392,-4349364750872.7114,-4349364753009.7554,1422319645183344.0,1425658267147612.0,3338621964274.7944
310580.87222114514,709.0436110569468,-3390877771193.355,-3390877769424.396,1084114057165080.9,1086570482008210.5,2456424843156.3994
310630.87222114514,711.5436110577831,-2628956880702.1953,-2628956879826.6743,821876741288583.8,823674790032821.5,1798048744232.7021
310680.87222114514,714.0436110574402,-2026830313019.6729,-2026830313945.917,619682462565093.1,620991755755202.6,1309293190118.142
310730.87222114514,716.5436110571969,-1553787742033.97,-1553787744579.9404,464664591251488.5,465612978634388.5,948387382904.3125
310780.87222114514,719.0436110572798,-1184361646886.05,-1184361647321.2124,346493489656409.6,347176809769488.94,683320113075.4552
310830.87222114514,721.5436110568934,-897580698618.3591,-897580701619.8446,256929040482049.72,257418738813112.47,489698331060.95575
310880.87222114514,724.0436110586354,-676297209726.8241,-676297210522.2073,189439977498746.94,189789017870867.34,349040372116.49066
310930.87222114514,726.5436110582626,-506588364949.53784,-506588364919.95776,138882755906889.88,139130180119683.16,247424212793.54385
310980.87222114514,729.0436110578752,-377229100444.82367,-377229100255.7323,101232845121847.69,101407268766103.92,174423644256.12656
311030.87222114514,731.5436110579205,-279232907174.81104,-279232907439.90967,73361702273704.16,73483978641113.17,122276367409.59297
311080.87222114514,734.0436110575193,-205455955050.37085,-205455955358.18884,52853145666015.79,52938383291576.664,85237625560.97902
311130.87222114514,736.5436110572286,-150259221454.60318,-150259221047.43442,37853379888194.29,37912461141733.305,59081253538.48431
311180.87222114514,739.0436110567722,-109222867575.82005,-109222867146.53374,26949456758871.367,26990173758014.53,40716999143.10066
311230.87222114514,741.5436110564594,-78907102352.48787,-78907102109.58466,19071564292240.992,19099463249753.746,27898957512.999733
311280.87222114514,744.0436110566134,-56653791753.94368,-56653791614.70385,13415079018241.873,13434083894583.203,19004876341.17347
311330.87222114514,746.5436110562441,-40423394394.45537,-40423394359.24227,9378874260065.041,9391744480216.508,12870220151.171268
311380.87222114514,749.0436110559391,-28662118003.124683,-28662118031.85865,6516868330554.813,6525532561492.047,8664230937.351088
311430.87222114514,751.5436110575703,-20194660903.81562,-20194660885.556755,4500268480778.165,4506066461240.605,5797980462.37326
311480.87222114514,754.0436110572379,-14138357587.150097,-14138357565.755371,3088374037793.068,3092230650226.889,3856612433.8249736
311530.87222114514,756.5436110572183,-9835061562.621767,-9835061598.6782,2106174717714.4397,2108724469548.2358,2549751833.819753
311580.87222114514,759.0436110568389,-6797556468.252613,-6797556499.888509,1427293394746.6382,1428968850387.6458,1675455641.0074997
311630.87222114514,761.5436110563307,-4667758033.858525,-4667758053.655676,961098869568.3356,962193057141.4729,1094187573.1481574
311680.87222114514,764.0436110579077,-3184388593.520143,-3184388595.7864957,643044043026.1522,643754201829.7291,710158803.584807
311730.87222114514,766.5436110575959,-2158185291.517918,-2158185298.3195977,427477642053.9911,427935684119.36316,458042065.3753323
311780.87222114514,769.0436110577522,-1453045975.605457,-1453045981.7582872,282337521272.9873,282631098983.2876,293577710.2960414
311830.87222114514,771.5436110573136,-1481019492.6891046,-1481019498.9603868,282337521272.9873,282631098983.2876,293577710.2960414
311880.87222114514,774.0436110569213,-983944863.0784696,-983944862.3367232,184056288651.22314,184236624819.0557,180336167.84079036
311930.87222114514,776.543611058478,-1002641575.2513952,-1002641574.4955543,184056288651.22314,184236624819.0557,180336167.84079036
311980.87222114514,779.0436110582139,-657198234.0220253,-657198231.1838467,118407403888.72798,118516804611.55283,109400722.82424563
312030.87222114514,781.54361105817,-669525159.8363792,-669525156.9449654,118407403888.72798,118516804611.55283,109400722.82424563
312080.87222114514,784.04361105772,-682002471.7920877,-682002468.8467892,118407403888.72798,118516804611.55283,109400722.82424563
312130.87222114514,786.5436110573161,-437969196.34147054,-437969195.14684314,74656634250.50302,74719887251.64688,63253001.14396194
312180.87222114514,789.0436110569665,-446026995.35548216,-446026994.1388759,74656634250.50302,74719887251.64688,63253001.14396194
312230.87222114514,791.5436110566852,-454180735.8703821,-454180734.63153523,74656634250.50302,74719887251.64688,63253001.14396194
312280.87222114514,794.043611056188,-462430779.7415565,-462430778.4802065,74656634250.50302,74719887251.64688,63253001.14396194
312330.87222114514,796.5436110563743,-288826565.34010726,-288826565.6732781,45802571436.28563,45837231821.32953,34660385.04317275
312380.87222114514,799.0436110559596,-294006864.6789518,-294006865.0180983,45802571436.28563,45837231821.32953,34660385.04317275
312430.87222114514,801.5436110574257,-299246890.6786594,-299246891.02385044,45802571436.28563,45837231821.32953,34660385.04317275
312480.87222114514,804.0436110572342,-304546850.4195264,-304546850.7708311,45802571436.28563,45837231821.32953,34660385.04317275
312530.87222114514,806.543611056825,-309906947.25732875,-309906947.6148165,45802571436.28563,45837231821.32953,34660385.04317275
312580.87222114514,809.043611056808,-186823973.75682095,-186823973.38955787,27136934176.855305,27154835024.672455,17900847.817775916
312630.87222114514,811.5436110563758,-190071315.88929442,-190071315.51564762,27136934176.855305,27154835024.672455,17900847.817775916
312680.87222114514,814.0436110582652,-193354636.05571926,-193354635.67561805,27136934176.855305,27154835024.672455,17900847.817775916
312730.87222114514,816.5436110579326,-196674045.9387367,-196674045.5521101,27136934176.855305,27154835024.672455,17900847.817775916
312780.87222114514,819.043611057628,-200029655.02917352,-200029654.6359504,27136934176.855305,27154835024.672455,17900847.817775916
312830.87222114514,821.5436110577729,-203421570.6301298,-203421570.23023877,27136934176.855305,27154835024.672455,17900847.817775916
312880.87222114514,824.0436110574078,-206849897.86142066,-206849897.45479015,27136934176.855305,27154835024.672455,17900847.817775916
312930.87222114514,826.5436110587574,-210314739.66435927,-210314739.25091746,27136934176.855305,27154835024.672455,17900847.817775916
312980.87222114514,829.0436110583603,-119632781.02031338,-119632780.22227801,15183447055.70315,15191556932.9966,8109877.293273987
313030.87222114514,831.5436110580492,-121612431.07769246,-121612430.26645143,15183447055.70315,15191556932.9966,8109877.293273987
313080.87222114514,834.0436110579641,-123612676.99210413,-123612676.16752005,15183447055.70315,15191556932.9966,8109877.293273987
313130.87222114514,836.543611057584,-125633571.5153425,-125633570.67727762,15183447055.70315,15191556932.9966,8109877.293273987
313180.87222114514,839.0436110570877,-127675166.19641796,-127675165.34473419,15183447055.70315,15191556932.9966,8109877.293273987
313230.87222114514,841.5436110566999,-129737511.38529551,-129737510.51985444,15183447055.70315,15191556932.9966,8109877.293273987
313280.87222114514,844.0436110564426,-131820656.23679435,-131820655.35745724,15183447055.70315,15191556932.9966,8109877.293273987
313330.87222114514,846.5436110563434,-133924648.7146459,-133924647.82127367,15183447055.70315,15191556932.9966,8109877.293273987
313380.87222114514,849.0436110561569,-136049535.5957047,-136049534.68815798,15183447055.70315,15191556932.9966,8109877.293273987
313430.87222114514,851.5436110556678,-138195362.47430858,-138195361.55244768,15183447055.70315,15191556932.9966,8109877.293273987
313480.87222114514,854.0436110570425,-140362173.7667848,-140362172.8304697,15183447055.70315,15191556932.9966,8109877.293273987
313530.87222114514,856.543611056944,-142550012.71609658,-142550011.76518705,15183447055.70315,15191556932.9966,8109877.293273987
313580.87222114514,859.0436110568111,-74130688.56884451,-74130687.53478314,7775405929.422955,7778488172.489681,3082243.066616193
313630.87222114514,861.5436110564306,-75272675.9938815,-75272674.94389036,7775405929.422955,7778488172.489681,3082243.066616193
313680.87222114514,864.0436110559365,-76425494.48383297,-76425493.41776097,7775405929.422955,7778488172.489681,3082243.066616193
313730.87222114514,866.5436110583104,-77589163.80498278,-77589162.72267857,7775405929.422955,7778488172.489681,3082243.066616193
313780.87222114514,869.0436110580747,-78763703.13565308,-78763702.03696501,7775405929.422955,7778488172.489681,3082243.066616193
313830.87222114514,871.5436110579877,-79949131.06897648,-79949129.95375268,7775405929.422955,7778488172.489681,3082243.066616193
313880.87222114514,874.0436110577948,-81145465.61572765,-81145464.48381598,7775405929.422955,7778488172.489681,3082243.066616193
313930.87222114514,876.543611057379,-82352724.20721172,-82352723.0584598,7775405929.422955,7778488172.489681,3082243.066616193
313980.87222114514,879.0436110586174,-83570923.69820765,-83570922.53246287,7775405929.422955,7778488172.489681,3082243.066616193
314030.87222114514,881.5436110582511,-84800080.36996482,-84800079.18707433,7775405929.422955,7778488172.489681,3082243.066616193
314080.87222114514,884.0436110582248,-86040209.93325219,-86040208.73306292,7775405929.422955,7778488172.489681,3082243.066616193
314130.87222114514,886.543611057806,-87291327.5314557,-87291326.31381439,7775405929.422955,7778488172.489681,3082243.066616193
314180.87222114514,889.0436110573797,-88553447.74372557,-88553446.50847873,7775405929.422955,7778488172.489681,3082243.066616193
314230.87222114514,891.5436110568868,-89826584.58816878,-89826583.33516274,7775405929.422955,7778488172.489681,3082243.066616193
314280.87222114514,894.0436110565167,-91110751.5250873,-91110750.2541682,7775405929.422955,7778488172.489681,3082243.066616193
314330.87222114514,896.5436110561403,-92405961.46025892,-92405960.17127271,7775405929.422955,7778488172.489681,3082243.066616193
314380.87222114514,899.0436110561094,-93712226.74825983,-93712225.44105232,7775405929.422955,7778488172.489681,3082243.066616193
314430.87222114514,901.5436110558996,-42775868.758379035,-42775870.12628626,3499961014.997513,3500901824.8402796,940809.842827745
314480.87222114514,904.0436110570465,-43373829.32442833,-43373830.71145743,3499961014.997513,3500901824.8402796,940809.842827745
314530.87222114514,906.543611056677,-43976781.471379474,-43976782.87769007,3499961014.997513,3500901824.8402796,940809.842827745
314580.87222114514,909.043611056297,-44584729.783278055,-44584731.20902991,3499961014.997513,3500901824.8402796,940809.842827745
314630.87222114514,911.5436110564294,-45197678.60379097,-45197680.04914399,3499961014.997513,3500901824.8402796,940809.842827745
314680.87222114514,914.0436110560378,-45815632.037800014,-45815633.50291425,3499961014.997513,3500901824.8402796,940809.842827745
314730.87222114514,916.5436110587736,-46438593.95300939,-46438595.438045,3499961014.997513,3500901824.8402796,940809.842827745
314780.87222114514,919.0436110584102,-47066567.98156685,-47066569.486684114,3499961014.997513,3500901824.8402796,940809.842827745
314830.87222114514,921.5436110580679,-47699557.521697305,-47699559.047056615,3499961014.997513,3500901824.8402796,940809.842827745
314880.87222114514,924.0436110579514,-48337565.73934886,-48337567.2851107,3499961014.997513,3500901824.8402796,940809.842827745
314930.87222114514,926.5436110578081,-48980595.56985019,-48980597.13617515,3499961014.997513,3500901824.8402796,940809.842827745
314980.87222114514,929.0436110589189,-49628649.71957911,-49628651.306627855,3499961014.997513,3500901824.8402796,940809.842827745
315030.87222114514,931.5436110584991,-50281730.66764134,-50281732.27557462,3499961014.997513,3500901824.8402796,940809.842827745
315080.87222114514,934.0436110581988,-50939840.66755953,-50939842.29653816,3499961014.997513,3500901824.8402796,940809.842827745
315130.87222114514,936.5436110580366,-51602981.748970844,-51602983.39915572,3499961014.997513,3500901824.8402796,940809.842827745
315180.87222114514,939.0436110576411,-52271155.719334275,-52271157.390886344,3499961014.997513,3500901824.8402796,940809.842827745
315230.87222114514,941.5436110571485,-52944364.1656453,-52944365.85872555,3499961014.997513,3500901824.8402796,940809.842827745
315280.87222114514,944.0436110566685,-53622608.45615876,-53622610.170928225,3499961014.997513,3500901824.8402796,940809.842827745
315330.87222114514,946.5436110562949,-54305889.74211874,-54305891.4787385,3499961014.997513,3500901824.8402796,940809.842827745
315380.87222114514,949.0436110562341,-54994208.959495395,-54994210.718126565,3499961014.997513,3500901824.8402796,940809.842827745
315430.87222114514,951.5436110558711,-55687566.83072752,-55687568.61153121,3499961014.997513,3500901824.8402796,940809.842827745
315480.87222114514,954.0436110556207,-56385963.866471276,-56385965.66960865,3499961014.997513,3500901824.8402796,940809.842827745
315530.87222114514,956.5436110566845,-57089400.36735405,-57089402.19298626,3499961014.997513,3500901824.8402796,940809.842827745
315580.87222114514,959.0436110563007,-57797876.425733045,-57797878.27402123,3499961014.997513,3500901824.8402796,940809.842827745
315630.87222114514,961.5436110562215,-58511391.92745819,-58511393.79856352,3499961014.997513,3500901824.8402796,940809.842827745
315680.87222114514,964.043611056137,-59229946.55363929,-59229948.447722904,3499961014.997513,3500901824.8402796,940809.842827745
315730.87222114514,966.5436110556426,-59953539.782415986,-59953541.699639015,3499961014.997513,3500901824.8402796,940809.842827745
315780.87222114514,969.0436110587734,-60682170.89073165,-60682172.83125519,3499961014.997513,3500901824.8402796,940809.842827745
315830.87222114514,971.5436110583864,-22299219.57481165,-22299219.17657341,1270786137.195848,1270980145.1153286,194007.91947551517
315880.87222114514,974.0436110583446,-22567432.47882124,-22567432.07579303,1270786137.195848,1270980145.1153286,194007.91947551517
315930.87222114514,976.5436110579235,-22837473.345947187,-22837472.93809636,1270786137.195848,1270980145.1153286,194007.91947551517
315980.87222114514,979.0436110577531,-23109341.627907578,-23109341.215201497,1270786137.195848,1270980145.1153286,194007.91947551517
316030.87222114514,981.5436110587667,-23383036.70659993,-23383036.289005972,1270786137.195848,1270980145.1153286,194007.91947551517
316080.87222114514,984.043611058365,-23658557.894748837,-23658557.47223439,1270786137.195848,1270980145.1153286,194007.91947551517
316130.87222114514,986.5436110583112,-23935904.43655346,-23935904.009085927,1270786137.195848,1270980145.1153286,194007.91947551517
316180.87222114514,989.0436110578258,-24215075.50833531,-24215075.075882107,1270786137.195848,1270980145.1153286,194007.91947551517
316230.87222114514,991.5436110574378,-24496070.21918577,-24496069.781714324,1270786137.195848,1270980145.1153286,194007.91947551517
316280.87222114514,994.0436110569294,-24778887.611613378,-24778887.16909114,1270786137.195848,1270980145.1153286,194007.91947551517
316330.87222114514,996.5436110565419,-25063526.662190706,-25063526.214585144,1270786137.195848,1270980145.1153286,194007.91947551517
316380.87222114514,999.0436110564797,-25349986.28220089,-25349985.829479493,1270786137.195848,1270980145.1153286,194007.91947551517
316400.0,1000.0000000017548,-25460054.22084031,-25460053.766153224,1270786137.195848,1270980145.1153286,194007.91947551517
